{"cameraMode":{"drawMode":0,"name":"Shaded","section":"Shading Mode"},"sceneLighting":false,"audioPlay":false,"sceneViewState":{"m_AlwaysRefresh":false,"showFog":true,"showSkybox":false,"showFlares":true,"showImageEffects":true,"showParticleSystems":true,"showVisualEffectGraphs":true,"m_FxEnabled":true},"in2DMode":false,"pivot":{"x":-0.4411765933036804,"y":-0.4411764442920685,"z":-0.44117647409439089},"rotation":{"x":0.11698764562606812,"y":0.03008236549794674,"z":-0.003545254236087203,"w":0.9926773309707642},"size":0.866025447845459,"orthographic":false}